user_ip,request_time_date,betting_site
1.1.1.1,Tue Aug 13 2024 17:56:55 GMT+0530 (India Standard Time),sdsdsd
1.1.1.2,Tue Aug 13 2024 17:56:55 GMT+0530 (India Standard Time),sdsdsd
1.1.1.3,Tue Aug 13 2024 17:56:55 GMT+0530 (India Standard Time),test@gmail.com
1.1.1.4,Tue Aug 13 2024 17:56:55 GMT+0530 (India Standard Time),test4@gmail.com
1.1.1.6,Tue Aug 13 2024 17:56:55 GMT+0530 (India Standard Time),test@gmail.com
1.1.1.9,Tue Aug 13 2024 17:56:55 GMT+0530 (India Standard Time),test@gmail.com
1.1.2.,Tue Aug 13 2024 17:56:55 GMT+0530 (India Standard Time),test55@gmail.com
1.1.2.1,Tue Aug 13 2024 17:56:55 GMT+0530 (India Standard Time),test@gmail.com
1.1.2.2,Tue Aug 13 2024 17:56:55 GMT+0530 (India Standard Time),test@gmail.com
1.1.2.3,Tue Aug 13 2024 17:56:55 GMT+0530 (India Standard Time),test@gmail.com
1.1.2.4,Tue Aug 13 2024 17:56:55 GMT+0530 (India Standard Time),test55@gmail.com
1.1.2.6,Tue Aug 13 2024 17:56:55 GMT+0530 (India Standard Time),test55@gmail.com
1.1.2.8,Tue Aug 13 2024 17:56:55 GMT+0530 (India Standard Time),test55@gmail.com
1.1.2.9,Tue Aug 13 2024 17:56:55 GMT+0530 (India Standard Time),test55@gmail.com
